Couplet,Poet
"افسوس! تون به هاڻي، ٿي آن ويو مُڪمّل،
تنهنجي اڃا وڌڻ لئه، باقي بچو به ڇاهي!",Masroor Pirzada
"مٺا! هيءَ شاعري منهنجي، جا مون هر روز ڳاتي آ،
کڻي جو هيءَ ذاتي آ، تڏهن ڀي ڪائناتي آ.",Masroor Pirzada
"آ رسالو شاهه جو ڪا ڪائنات،
ان تنبوري– تان ۾ ڇا ڇا نه آ!",Masroor Pirzada
"نينهن جو ناچ ڪو نچو هاڻي!
پيار جي رنگ ۾ رچو هاڻي!",Masroor Pirzada
"روح به منهنجو زخمي آهي،
آهه ڪيو مون  ايڏو ماتم!",Masroor Pirzada
"ظُلم ڏس! قتل ٿي انسان رهيو آ، چوڏس،
آهه قاتل به سو انسان، ڏِسون ڇا ٿو ٿئي!",Masroor Pirzada
"تنهنجو منهنجو هاڻي ڪو به تعلّق ناهي،
پوءِ به ماڻهو ڪيڏو ڪن ٿا تنگ اڃا ڀي.",Masroor Pirzada
"حيات هيءَ حقيقت اسان جي آهي يا،
خيال، خواب ادا! آ؟ خبر نه آ مون کي.",Masroor Pirzada
"ساري ساري رات رُلون ٿا، چنڊ، هوا ۽ مان،
ٽيئي ساگر ساڻ ڇُلون ٿا، چنڊ، هوا ۽ مان.",Masroor Pirzada
"ڪا چانڊوڪيءَ جي رات هجي، ۽ تون به هُجين، ٻيو ڇا گهرجي!
هر بات، مُحبّت- بات هجي، ۽ تون به هُجين، ٻيو ڇا گهرجي!",Masroor Pirzada
"هي آسمان به ڪوئي جهان آهي يا،
فقط اهو ڪا خلا آ؟ خبر نه آهي مون کي.",Masroor Pirzada
"پُڇي جي هُو ته اوهان ڀي ٻُڌائجو هُن کي،
نراس ڪالهه هيو جو نراس اڄ ڀي آ.",Masroor Pirzada
"ويڙهه وڙهي مون لفظن سان،
رائيفل، خنجر هوندي ڀي.",Masroor Pirzada
"ڪين وڻي ٿو هاڻ مون کي،
سُهڻو منظر هوندي ڀي.",Masroor Pirzada
"ڪنهن دُعائون ۽ ڏنيون گاريون به ڪنهن،
مون کي مليو دان ۾ ڇا ڇا نه آ!",Masroor Pirzada
"نظر مان نار! تون اوتي، اڃا ڀي مَڌُ ڏِي مون کي،
خُمارن مان نه نڪران مان، نه چئه تون “بس ڪافي آ.”",Masroor Pirzada
"هُو سراپا دماغ ماڻهو آ،
کوٽ دل جي ذهين ۾ آهي.",Masroor Pirzada
"آنءُ روئندو رهيس، مِينهن وسندو رهيو.
منهنجي هستي مِٺي ! آ جهُريل جهُوپڙي،",Masroor Pirzada
"دُکڻ کان پو ٻَرڻ آهي، ٻَرڻ کان پو مَچڻ آهي،
مَچڻ کان پو وِسڻ آهي، ائين آهي ته ڇو آهي؟",Masroor Pirzada
"اڃا به پيارن پکيئڙن کي،
پيو ٿو ماري اُهو ئي ماري.",Masroor Pirzada
"عشق- شراب کپي ٿو مون کي،
مُحبت جو مئخانو گهرجي!",Masroor Pirzada
"لَڄي لَڄي هو بيابان ٿي ويو سارو،
ٻُڌي ڪو اُڃَ لڳل آبشار جو قِصّو.",Masroor Pirzada
"منهنجو ملڪ مُحبّت آهي،
منهنجو شعر انهيءَ جو پرچم.",Masroor Pirzada
"عجيب عشق سندو هي نشو به آهه وڏو!
سڄو جهانُ لڳو پئي ته مون سان مست هيو.",Masroor Pirzada
"آنءُ فاني هان، شعر پر منهنجو،
زندگيءَ جو دوام ٿي ويندو.",Masroor Pirzada
"دل ٿي چوي جوان، حسين تون سدا هُجين،
دل ٿي چوي اِئين ئي، مگر ٿي نه ٿو سگهي.",Masroor Pirzada
"اُڀ جي چاهت ڌرتيءَ سان آ،
ڏس! ته چُمي تي گُل کي شبنم.",Masroor Pirzada
"مان ستارا به ٿو سگهان لاهي،
ايترو ڀي وڌاءُ ڇو آخر؟",Masroor Pirzada
"تنهنجي درشن لا اچون ٿا، ڇا ڀي ٿي پئي ڀل،
تنهنجو رستو ڪين ڀُلون ٿا، چنڊ، هوا ۽ مان.",Masroor Pirzada
"مصروفيت بيڪار ڪيو آ،
منهنجي فرصت منهنجوآ ڪم.",Masroor Pirzada
"عجيب آهه اسان جي به ڪيفيت هاڻي،
وجود آهه وِڃايو، عدم به ڪونهي ڪو.",Masroor Pirzada
"انسان پنهنجو پاڻ تعارف آ پانهنجو،
ڇا لاءِ تون پوين ٿو انهي ذات پات ۾.",Masroor Pirzada
"عشق ۾ جو مليو ثواب آهي،
جسم جي سو گناهه مان نڪتو.",Masroor Pirzada
"ستارا، چنڊ، سورج ۽ هوائون شاعري آهن،
ڏسان جيڪا به شيءِ ٿو مان، اُها آ شاعري تنهنجي.",Masroor Pirzada
"تون، مان جِتي هُجون اُتي نابين سڀ هُجن،
پر ظلم ڏِس ته اهڙو نگر ٿي نه ٿو سگهي.",Masroor Pirzada
"جڏهين به مُند مٽبي، ۽ هيءَ هوا بدلبي،
جڏهين به واءُ ورندو، ڏاڍو تون ياد ايندين.",Masroor Pirzada
"فريب ناهه تنبوري جي تار وارو سُرُ،
مگرهيءَ تار، تنبُورو، فريب آ بابا!",Masroor Pirzada
"مُئي پُڄاڻان مِلين ته هاڻ مران،
ايترو انتظار ڪير ڪري!",Masroor Pirzada
"مون کي کپي حسين اُها ڇوڪري الا!
جنهن جو نه حـُسن آهه ڪٿي ممڪنات ۾.",Masroor Pirzada
"زندگيءَ جي حَسين نيڻن ۾،
عشق جي خواب کي ڪجل لکجي.",Masroor Pirzada
"لڪن مان وئي لنگھي سسئي، تري درياھه وئي سُھڻي،
ڏُکيائيءَ ۾ به سولائي، اسان کي عشق سمجھائي۔",Masroor Pirzada
"ڳالهه، جنهن جو بيانُ ناممڪن،
شعر ۾ سا بيان ٿي ويئي.",Masroor Pirzada
"سُور جي سامان ۾ ڇا ڇا نه آ!
عاشقن جي شان ۾ ڇا ڇا نه آ!",Masroor Pirzada
"فرد ڪم آ ڪندو اداري جو،
فرد تي ڪم ڪندو ادارو آ.",Masroor Pirzada
"ڏينهن سڄو بيڪار رهون ٿا پاڻ ته پيارا! پر
جيئن ٿئي ٿي رات، کُلون ٿا، چنڊ، هوا ۽ مان.",Masroor Pirzada
"اوهان سان عشق آ مون کي، اوهان جو ساٿ ٿو گهرجي،
وڏو هي فلسفو ناهي، قِصو هي مختصر آهي.",Masroor Pirzada
"چوڏهينءَ رات تو بنان ڪاري،
ساڻ تنهنجي ئي چاندني ٿئي ٿي.",Masroor Pirzada
"دنيا تياڳ ڪئي آ مون،
ٺٺ ۽ ٺانگر هوندي ڀي.",Masroor Pirzada
"پاڻ ۾ ئي رڳو نه آهيان مان،
پاڻ کان ڀي مزيد آهيان مان.",Masroor Pirzada
"“ڇو ورهايو ٿا پيا مون کي توهان؟”
هيءَ ڌرتي ڄڻ چوي ٿي ماٺ ۾.",Masroor Pirzada
"هيءَ عُمر قيد آهي، هيءَ زندگي نه آهي،
ڪا موت تائين ان مان، آزادگي نه آهي.",Masroor Pirzada
"جوان هي عشق ٿي ويو آ،
ويو هان مان جيئن ٿي ڪُراڙو.",Masroor Pirzada
"اسان جي آب اکين مان وَهي رهيو آهي،
هي من اوهان جي جُدائي سَهي رهيو آهي.",Masroor Pirzada
"آنءُ جلندو رهيس، مِينهن وسندو رهيو.
مينهن ۾ نينهن جا، زخم تازا ٿيا،",Masroor Pirzada
"محبَت لاءِ ڪا خُوبي به رستو ٿي سگهي کولي،
۽ نفرت ڪاڻ ڀي پيارا! ڪو هڪڙ نقص ڪافي آ.",Masroor Pirzada
"ڌِڪاريو آ ويو مون کي ته ويجھو ٿي ويو آھيان،
وِساريو آ ويو مون کي ته ڏاڍو ياد ٿيو آھيان۔",Masroor Pirzada
"حُسن سان هي حلال آ جيون،
حسُن بن پر حرام ٿي ويندو.",Masroor Pirzada
"اِيئن نه تون سمجهجان ته منهنجي، وئي آ مُرجهائِجي مُحبّت،
اڃا گلُن جئن اِها ٽِڙيل آ، اڃا به ان ۾ هڳاءُ آهي.",Masroor Pirzada
"ڏسي ديوانگي منهنجي، چڪورن ڀي چَيو مون کي،
“اسان کي ڀي وئين ماري، عجب آ عاشقي تنهنجي!”",Masroor Pirzada
"پيار ڪو ٻار، حرڪتي لکجي،
هانءُ رانديڪڙو ڀڳل لکجي.",Masroor Pirzada
"هاءِ! ڪيڏين فضول ڳالهين ۾،
زندگي هيءَ زيان ٿي ويئي.",Masroor Pirzada
"ماٺ پُڇندي ئي رهي ٿي ماٺ ۾ ،
“ماٺ ڇو آن تون؟” پُڇي ٿي ماٺ ۾.",Masroor Pirzada
"هُيس ڄڻ آنءُ پٿر جان، گهڙي تو مُورتي اُن مان،
اها اوعشق! ڪا آهي، عجب ڪاريگري تنهنجي!",Masroor Pirzada
"هلي آ! ساهه سُڀاڻي هلي، هلي نه هلي!
خبر نه آهه حياتي هُجي، هجي نه هجي!",Masroor Pirzada
"ڄمڻ کان پو مرڻ آهي، ائين آهي ته ڇو آهي؟
کِلڻ کان پو رُئڻ آهي، اِئين آهي ته ڇو آهي؟",Masroor Pirzada
"موت تنهنجي کان مٺا! پوءِ ٿو لڳي،
ڄڻ ته ڪجهه مون ۾ به مَرندو ٿو وڃي.",Masroor Pirzada
"نِينهن سندا اي نانگ! اسان کي ڏنگ اڃا ڀي،
پيار! اسان کي پنهنجي رنگ ۾ رنگ اڃا ڀي.",Masroor Pirzada
"خوبصورت اڳي کان ڀي هاڻي،
پيار ۾ يار ٿي ويو هوندو.",Masroor Pirzada
"پـُڇي ٿي پيار منجهان ڇا کي پيار چئبو آ؟
چوان ٿو سادگي اهڙيءَ کي پيار چئبو آ.",Masroor Pirzada
"ھتان جي ڳالهه ھر ڪائي، اسان کي عشق سمجھائي،
خدا جي ڀي اڪيلائي، اسان کي عشق سمجھائي۔",Masroor Pirzada
"جي ملي مند بهاري ته پُڇان مان اُن کان،
ديس منهنجي جي ڪڏهن راهه وٺڻ ۾ ڇاهي!",Masroor Pirzada
"هو مون ڀي هڪڙو پيار ڪيو، ۽ پيار به ڪو اهڙو تهڙو!
ها منهنجو ڀي ڪو يار هيو ۽ يار به ڪو اهڙو تهڙو!",Masroor Pirzada
"گُلن جيان ئي ڏنو درد واسُ اڄ ڀي آ،
اسان جي يار! طبيعت اُداس اڄ ڀي آ.",Masroor Pirzada
"ٻولي ۽ وطن جو هي ڇڏي فرق، هلي آءُ!
ڀاڪـُر ته وڏو پاءِ! ادا ڀاءُ! هلي آءُ!",Masroor Pirzada
"جا وساڻي چاهه جي هيءَ باهه آ،
ڦُوڪ ڏيئي ڄڻ ته ٻاري چنڊ ٿو.",Masroor Pirzada
"مان ويريءَ جو ڪو وارُ سَهي، ها ڪين پَيس ڪڏهين به ڊَهي،
پر يار ڪيو ڪو وار هيو ۽ وار به ڪو اهڙو تهڙو!",Masroor Pirzada
"سڀني کان هو الڳ آ، سڀني کان هو جدا،
هو ئي هجوم ۾ ٿو هڪڙو نظر اچي.",Masroor Pirzada
"اسان کي عشق! جڏهين کان، ملي آ رهبري تنهنجي،
ٿيون روشن سڀئي راهون، اِها جادوگري تنهنجي!",Masroor Pirzada
"تون آءُ، ڇمر ڇانوَ جيان يار! اسان وٽ
ڪيڏو نه جُداين جو سَٺو تاءُ، هلي آءُ ُ!",Masroor Pirzada
"خدا جِت رهي سوئي اندرُ کپي!
نه مسجد کپي ۽ نه مندر کپي!",Masroor Pirzada
"چِتائي پاڻ کي تون ڏِس، سُڃاڻي پاڻ کي تون ڏِس!
نه آهي شاعري منهنجي، اَٿي ڪا آرسي تنهنجي.",Masroor Pirzada
"مُھين جو مان دڙو آھيان، ڊھي پو ڀي کڙو آھيان،
وڏا ماڻھو ڏسڻ آيا، جڏھن برباد ٿيو آھيان۔",Masroor Pirzada
"دل چوي ٿي ته اڄ غزل لِکجي،
پيار جو يار! پلُّ پلُ، لِکجي!",Masroor Pirzada
"پير ننگا حيات جا لِکجن،
وقتَ کي رڻُّ ڪو تَتل لکجي.",Masroor Pirzada
"سُک سان ڪڏهن هڪٻئي سوا، نه ئي تون هُئينءَ، نه ئي مان هُيس،
پر پو به دُک ۾ دلربا! نه ئي تون هُئينءَ، نه ئي مان هُيس.",Masroor Pirzada
"هاسٽل ۾ ڳوٺ کي ساريان پيو،
۽ جدائيءَ ڏُک اُڀاري چنڊ ٿو.",Masroor Pirzada
"ذهن ۽ دل جي حُسن جو سنگم ،
ڪين هر ڪنهن حسين ۾ آهي.",Masroor Pirzada
"ها، رات سندو انجام هجي، پنڇين جي پياري لات هجي!
ڪا پيار سندي پرڀات هجي، ۽ تون به هُجين، ٻيو ڇا گهرجي!",Masroor Pirzada
"اُڏامي پئي آسمانن تي اوچي،
ڪويءَ جي به ڪائي پکي اَکِ آهي.",Masroor Pirzada
"رُوح ۾ جي اَٿي جمال وڏو،
پوءِ سنسار آ جميل وڏو.",Masroor Pirzada
"ڇمر جيئن ڇا ڇا وَسي اَکِ آهي!
جڏهن کان اوهان سان اڙي اَکِ آهي.",Masroor Pirzada
"ديس جي سياست ڀي، بي خبر آ منزل کان،
بس هُجوم آهي ۽ هَل هَلان لڳي پئي آ.",Masroor Pirzada
"سمنڊ سان مان نديءَ جيان ملندس،
شوق ڪوئي شديد آهيان مان.",Masroor Pirzada
"مِلو ٿا ڪين مُحبت مان، ڊڄو ٿا يار! دنيا کان،
رُڪاوٽ عشق ۾ جانان! اوهان جي نيڪ نامي آ.",Masroor Pirzada
"ڇو رڳو آدمي! ڳالهه گهر جي ڪرين،
ڪجهه وڏو ٿيءُ سنسار جي ڳالهه ڪر!",Masroor Pirzada
"مون عشق- نشي ۾ ڪين ڏٺو، ۽ يار سندي هان پار پُڳو،
درياهه به تارئون تار هيو ۽ تار به ڪو اهڙو تهڙو!",Masroor Pirzada
"منهنجو جَهانُ پنهنجو، اهڙو نه آهه ڪنهن جو،
منهنجي جهانَ جو هر، انسان مختلف آ.",Masroor Pirzada
"موت سان فوت ڪين ٿيندس مان،
عشق جو ڪو شهيد آهيان مان.",Masroor Pirzada
"چڻنگ ٿي تون پوين اگر ڪائي،
باهه وانگي عوام ٿي ويندو.",Masroor Pirzada
"ڪين هُو ڊوڙ ۾ نظر آيو،
تيز رفتار ٿي ويو هوندو.",Masroor Pirzada
"هاڻ وڌي ويو آ منهنجو غم،
دانهن نه ڪائي ۽ نه اکيون نم.",Masroor Pirzada
"تو بن ڀي مان کِلندي جيون گهاريان ويٺو،
پر تنهنجي ڪا ناهه ضرورت، ايئن به ناهي.",Masroor Pirzada
"خوشي به ڪين رهي آ، الم به ڪونهي ڪو،
ڪرم به ڪين اوهان جو، سِتم به ڪونهي ڪو.",Masroor Pirzada
"بي گهر هان گهر هوندي ڀي،
تنها، لشڪر هوندي ڀي.",Masroor Pirzada
"زندگي آهه ڪو مقصد ۽ اُنهي جو ماڻڻ،
باقي بس ساهه کڻڻ، ساهه کڻڻ ۾ ڇاهي!",Masroor Pirzada
"هلاڪو نه ڪوئي سِڪندر کپي،
ڀٽائي کپي! ڪو قلندر کپي!",Masroor Pirzada
"ٿورڙو درد هو ته روئان پيو،
خوش ڪيو درد آ گهڻي هاڻي.",Masroor Pirzada
"حَسين ڪاٺ جو سامان ڀي ٻُڌائي ٿو،
وَڍيل وڻن جي پرين! ڏار ڏار جو قِصّو.",Masroor Pirzada
"ڪنهين گُل وانگي، ٽِڙڻ کان اڳيئي،
ڪنهين جي هٿان مان ڇِڄڻ وارو آهيان.",Masroor Pirzada
"جئن سڀني جي خواهش آهي، تئن منهنجي ڀي خواهش آهي،
گُلزار هجي، برسات هجي، ۽ تون به هُجين، ٻيو ڇا گهرجي!",Masroor Pirzada
"جنهن جا ڏٺا سين خوابَ ڪي سُمھندي ۽ جاگندي،
آيوآ انقلاب، مگر دير ٿي وئي.",Masroor Pirzada
"مُرڪ ۾ لُڙڪ آ ملائي ويو،
سُکّ ۾ ڏُک گڏي ويو آهي.",Masroor Pirzada
"آنءُ ڊهندو رهيس، مِينهن وسندو رهيو.
مِينهن جي گائڪي، مِينهن جي شاعري،",Masroor Pirzada
"گُذري وئي آ رات ڏئي رنج رُوح کي،
اُڀريو آ آفتاب، مگر دير ٿي وئي.",Masroor Pirzada
"هر طرف خون وهي، خون وهي ماڻهوءَ جو،
امن جو آهه ڪو امڪان؟ ڏسون ڇا ٿو ٿئي!",Masroor Pirzada
"توکي ثبوت خدا جو گهرجي؟
آهه ثبوت سڄو هي عالم.",Masroor Pirzada
"پاڻي ڪو پيار جو جي، پيارا! هتي به پهچي،
صحرا جيان ھيءَ دلڙي، سيراب ٿي سگهي ٿي.",Masroor Pirzada
"پنهنجو پاڻ لڳو ڪمتر،
مون کي برتر هوندي ڀي.",Masroor Pirzada
"ڪوئي شعر اهڙو لِکڻ وارو آهيان،
حياتي امر مان ڪرڻ وارو آهيان.",Masroor Pirzada
"ڪوئي خيال، خوابُ رهيو ڪين جنهن کان پو،
سو خواب ۽ خيال، اڃا ياد ٿو اچي.",Masroor Pirzada
"مِينهن وسندو رهيو
مِينهن ۾ هوءَ مِٺي ، پئي کِلي ۽ پُسي،",Masroor Pirzada
"تو سان اڳ جئن پيار به ناهي پر او پياري!
ٻئي ڪنهن سان ٿي آهه مُحبّت، ايئن به ناهي.",Masroor Pirzada
"اسان جي دل رهي آهي، پرين! خانه بدوشن جان،
ڪڏهن هِتڙي، ڪڏهن هُتڙي، سدائين دربدر آهي.",Masroor Pirzada
"دنيا ۾ رهندي، دنيا کان،
يار! رهڻ بيگانو گهرجي!",Masroor Pirzada
"حيات- گاڏي، الله - منزل،
۽ عشق ڀائو! اٿي ڪو ڀاڙو.",Masroor Pirzada
"مضبوط عمارت جيئن هئي، هيءَ پنهنجي محبت اوءِ مٺي!
بس شڪ جو ان ۾ ڏار پيو ۽ ڏار به ڪو اهڙو تهڙو!",Masroor Pirzada
"هي رنگُ رُوپ سدائين نہ ٿو رهي سُهڻا!
پو سانورو آ يا ڀُورو، فريب آ بابا!",Masroor Pirzada
"هـُو حُسن جيڪڏهن اڄ، جلوو پَسائي پنهنجو،
خاموش پو مُحبّت، بيتاب ٿي سگهي ٿي.",Masroor Pirzada
"اڃا به آنڌيءَ جيان اچي تيز ٿو پيو هي خيال تنهنجو،
لُڇي وڻن جئن وجود منهنجو، وڪوڙي مون کي ملال تنهنجو.",Masroor Pirzada
"سو عشق جو ڪمال، اڃا ياد ٿو اچي،
پنهنجو اُهو زوال، اڃا ياد ٿو اچي.",Masroor Pirzada
"سانوري! اڄ ڇيڙ تارون تون کڻي،
ساز دل جي کي وڄڻ جي آس آ.",Masroor Pirzada
"شڪار آهه شڪاريءَ کي شڪار ڪيو،
جو هوش هاري انهي کي شڪار چئبو آ.",Masroor Pirzada
"فنا به منهنجي او پيارا! نشو نما آهي،
فنا کان پوءِ ئي مون کي بقا به ڏِسڻي آ.",Masroor Pirzada
"سموري عُمر جي لئه عشق جو هڪ درس ڪافي آ،
ملي پئي جي ڪٿي ڪوئي پرينءَ جو عڪس ڪافي آ.",Masroor Pirzada
"زندگي به ڇا آهي! وَٺُ وٺان لڳي پئي آ،
تَڙ تَڪڙ رڳي آهي، هڻ هڻان لڳي پئي آ.",Masroor Pirzada
"سانوريءَ کي سماج- سينور ۾،
ڪوئي اُجرو، اَڇو ڪنول لِکجي.",Masroor Pirzada
"حياتيءَ سندو گهر سنواري سنواري،
لڳي ٿو ته مان خود ڊهڻ وارو آهيان.",Masroor Pirzada
"تون جي آهين ته پوءِ پُوري آ،
تو بنان زندگي اڌوري آ!",Masroor Pirzada
"اسان ٻنهي گڏ جنم آ ورتو،
هي دردُ آ منهنجو ڀاءُ جاڙو،",Masroor Pirzada
"رنگن ۾ پيار جي رنڱيل، گذاريو وقت آ توسان،
اسان جي سوچ آ رنگين ٿي وئي، ڄڻ چُني تنهنجي.",Masroor Pirzada
"مٽائي فاصلا سڀئي ڪا گُفتگو ته ڪجي،
جا دل ۾ آهه شڪايت سا رُوبرو ته ڪجي.",Masroor Pirzada
"آڳ وانگر عشق ٻرندو ٿو وڃي،
سيءُ سياڻپ جو به ٽَرندو ٿو وڃي.",Masroor Pirzada
"جنهن جو نه ڪو جواب اڃا تائين آ مِليو،
سو سُونهن جو سوال، اڃا ياد ٿو اچي.",Masroor Pirzada
"سالن کان پوءِ هن جي، دَر تي پُڳس جو آئون،
حيران ۽ پريشان، هوءَ ٿي هَڪي ٻَڪي آ.",Masroor Pirzada
"اڻ ٻُڌل کي وري وري ٻُڌجي،
اڻ لِکيل ۽ ڪو اڻ چيل لِکجي!",Masroor Pirzada
"وڏي جنهن تي ويٺو ڪرين ٿو وڏائي،
انهيءَ تي نه پنهنجي ٻُڏي اَکِ آهي.",Masroor Pirzada
"دردُ سو شعر مان نه آ نڪتو،
دردُ منهنجي جو آهه مان نڪتو.",Masroor Pirzada
"زندگي موٽ آهه کائيندي،
ٿي ويو آ ٻُڍو، ٻچو هاڻي.",Masroor Pirzada
"ڪين ساراهه ٿو ٻُڌي پنهنجي،
ڪيترو هاءِ هُو لڄارو آ.",Masroor Pirzada
"پُڇيو هو ڌرتيءَ “ڪيرُ آهي، ڀري جو رت ساڻ سِينڌ منهنجي؟”
جواب جي سو تلاش ۾ آ، اڃا به ڌرتي! سوال تنهنجو.",Masroor Pirzada
"نقصانُ عشق ۾ به مِٺا! فائدو اَٿي،
ڌنڌي ۾ دل جي يار! خسارو بُرو نه آ.",Masroor Pirzada
"شڪّ ۾ روح هي رُلي ويندءِ،
صرف راحت يقين ۾ آهي.",Masroor Pirzada
"اي پکيئڙا! هيءَ تنهنجي سوڀ آ،
ڇو ته توکي اڄ به ساري چنڊ ٿو.",Masroor Pirzada
"آ پرين ٿيو پري، ڪيئن هاڻي سري؟
شاعري! تون ته سهڪار جي ڳالهه ڪر!",Masroor Pirzada
"درد سارو  تمام ٿي ويندو،
اڄ پرين همڪلام ٿي ويندو.",Masroor Pirzada
"ٻه چار ڏينهن هليو، منهنجو، يار جو قِصّو،
مگر لکيو مون سڄي عمر پيار جو قِصّو.",Masroor Pirzada
"ناهي جي چنڊُ، پوءِ ستارو بُرو نه آ،
تنهنجي خيال جو هي سهارو بُرو نه آ!",Masroor Pirzada
"ڪجهه به ٿئي ٿو ڪين پنهنجي وچّ ۾،
پو به پر امڪان ۾ ڇا ڇا نه آ!",Masroor Pirzada
"مان مڃان ڪيئن هيءَ حقيقت، هـُو
هيءَ دنيا ڇڏي ويو آهي.",Masroor Pirzada
"آزاد ٿي وڃڻ جي، خواهش نه ڪا رهي ٿي،
هن زندگيءَ جو هي زندان مختلف آ.",Masroor Pirzada
"پيار مان گُلّ مون ڏنو جنهن کي،
تنهن ڏنو مون کي گهاءُ ڇو آخر؟",Masroor Pirzada
"ڪين اڃا نرواڻ ملي آ،
باقي، مان ڀي آهيان گوتم.",Masroor Pirzada
"ويڙهه لفظن سان ٿو وڙهان ويٺو،
منهنجو هر شعر ڪو سپاهي آ.",Masroor Pirzada
"توکان سوال عشق سندو مون ڪيو هيو،
تو ڀي ڏنو جواب، مگر دير ٿي وئي.",Masroor Pirzada
"اڄ گُلن آ چيو، روئي گُلدان جي:
“ جنهن تي هئاسين، اُنهي ٽار جي ڳالهه ڪر!”",Masroor Pirzada
"تون حقيقت، مجاز ڀي تون آن،
تون ئي سُر آنهه، ساز ڀي تون آن.",Masroor Pirzada
"مسئلا ننڍا آهن پر اَنا وَڏي آهي،
ٿورڙين ئي ڳالهين تي وِڙهه وڙهان لڳي پئي آ.",Masroor Pirzada
"وسي ڦُڙ ڦُڙ پئي ڪجهه ڪجھه، پکي چُون چُون پيا ٿاڪن،
مگر توبِن اسان کي هيءَ گهائي ٿي اڪيلائي.",Masroor Pirzada
"مان اڄ به اُهو ٻار، ننڍو ٻار ئي آهيان،
اُگهه لُڙڪَ ۽ پرچاءِ! سندم ماءُ! هلي آءُ!",Masroor Pirzada
"مدهوش ٿي ويس مان اوهان کي ٻُڌي ٻُڌي،
ڪيڏو نشو اوهان جي هيو بات بات ۾.",Masroor Pirzada
"ابتدا ڪري ڏس تون، انتها  ڪندس آئون،
پو ڀلي جفا تون ڪر، پر وفا ڪندس آئون.",Masroor Pirzada
"اي بهارن جي مُند! تو ۾ سو،
هيل ناهي هُڳاءُ ڇو آخر؟",Masroor Pirzada
"گُلاب هر ڪو ڇِنو وڃي ٿو،
اُداس گُلشن جي هر ڪا ٽاري.",Masroor Pirzada
"هو خوابن جو ڪو خوبصورت خزانو،
وڃايو، جڏهن مون پٽي اَکِ آهي.",Masroor Pirzada
"ڪٿان آيا اسين آهيون؟ ۽ وينداسين وري ڪاڏي؟
چڱو ٿيو جو انهن ڳالهين کان ماڻهو بي خبر آهي.",Masroor Pirzada
"ڏِس ته خاموش هيءَ ندي پياري،
منظرن لاءِ آرسي ٿئي ٿي.",Masroor Pirzada
"چيو هيو مون ته لُڙڪ منهنجا! ڀلي پيو وهه، اڃا گهڻو وهه!
ڪڏهن ته اهڙو به وقت ايندو، وهي نه سگهندين، چيو هيو مون.",Masroor Pirzada
"هي عشق هميشه گهاءُ نئون، او سجني! گهُرندورهندوآ،
پوءِ لطف پيوماڻيندو آ، جئن گهاءُ سو ڪُرندو رهندو آ.",Masroor Pirzada
"دلين ۾ پيار جا جيڪي، ٻَرن ٿا دِيپَ تن کي ڀي،
زماني جي ھوائن کان، بچائي ٿي اڪيلائي.",Masroor Pirzada
"مُئل ياد ماڻهو، گهڻو ٿا اچن پيا،
لڳي ٿو ته مان ڀي مرڻ وارو آهيان.",Masroor Pirzada
"يار! هي رک رکاءُ ڇو آخر؟
ايترو بچ بچاءُ ڇو آخر؟",Masroor Pirzada
"هن زماني جي ظلم جو پيارا!
عشق ئي انتقام ٿي ويندو.",Masroor Pirzada
"ٿورو به ڪين رحم ڪجان منهنجي حال تي،
مون کي مزو اچي ٿو مٺا! مشڪلات ۾.",Masroor Pirzada
"ڪري غلطيون سِکيو آھيان، ڪِري آئون اُٿيو آھيان،
وڏيون مارون مٺا! کائي اچي اُستاد ٿيو آھيان۔",Masroor Pirzada
"چيخ تنهنجي، جا کڻي توکي وئي،
ياد مون کي سا اچي ٿي ماٺ ۾.",Masroor Pirzada
"عاشقيءَ جو شراب ڇا پيتو!
ٻيو نشو ڪين ٿو وڻي هاڻي.",Masroor Pirzada
"مشڪل هيو سُڪون لَهڻ زندگيءَ جو،
حل ٿيو آ سو حساب، مگر دير ٿي وئي.",Masroor Pirzada
"ڪجهه عياشي ۽ ڪجهه عبادت ڪئي،
ڪجهه گنهه ڪجهه ثواب ۾ گذري.",Masroor Pirzada
"سڄو سنسار هي پيارا! سڄو وهنوار هي پيارا!
سڀئي فاني اٿي پيارا ! مگر مُحبت مُدامي آ!",Masroor Pirzada
"هوا ڏکڻ جي اچي چُمي ٿي، جڏهن به درياهه جي گلن کي،
تڏهن چوي ساز ٿي چُمين جو “لِڪو ڪڏهن ڪوبه پيار ناهي.”",Masroor Pirzada
"رڳو تخليق منهنجي آ، تڏهن ڀي هيءَ عوامي آ،
سڀن لئه شاعري آهي، کڻي جو خود ڪلامي آ.",Masroor Pirzada
"هيءَ ڳالهه راز جي آ، رکجانءِ راز ۾،
آهي لِڪل حقيقت، مٺڙا! مجاز ۾.",Masroor Pirzada
"اسان ته ڳاڙيون رڳو پيا ٿا، هي لُڙڪ گُونگا ڪي بيوسيءَ جا،
مگر کِلي ٿو هُو واڇون ٽيڙي اسان جي ڌرتي ! دلال تنهنجو.",Masroor Pirzada
"سوئي سمجهي سگهيو خوشيءَ کي، جو
درد جي درسگاهه مان نڪتو.",Masroor Pirzada
"هلي آ! گُلَّ جيان جسم هي ٽڙيل آ اڄ،
سڀاڻ تازگي ان ۾ رهي، رهي نه رهي!",Masroor Pirzada
"ڏِسڻ کان پو کِلڻ آهي، کِلڻ کان پو مِلڻ آهي،
مِلڻ کان پو ڇِڄڻ آهي، ائين آهي ته ڇو آهي؟",Masroor Pirzada
"زندگي راهه آهه منزل جي،
هر ڪو انسان ان جو راهي آ.",Masroor Pirzada
"تنهنجو به هو ڪو همسفر، منهنجي به هئي ڪا همسفر،
هڪٻئي جي دل کان پر جُدا، نه ئي تون هُئينءَ، نه ئي مان هُيس.",Masroor Pirzada
"ڪنهن سُڪل گُلّ جئن رکيل ڀُل ۾،
هيءَ حياتي ڪتاب ۾ گذري.",Masroor Pirzada
"ڇو ڇِنين پيو انھي کي ٽاريءَ تان؟
ڏِس ته ڪيڏو گلاب پيارو آ!",Masroor Pirzada
"پنهنجو نه آهه ڪير ته پو غير سان مِلو!
ها، پيار هي پرائو، اُڌارو بُرو نه آ !",Masroor Pirzada
"ڪَنڊا لڳا ۽ منهنجون، هي آڱريون لَهُو ٿيون،
پر جو سجايو آ مون، گُلدان مختلف آ.",Masroor Pirzada
"جُدا ٿئي ته ڪئين سال ٿي ويا پو ڀي،
لڳي ٿو هو ته سندم آس پاس اڄ ڀي آ.",Masroor Pirzada
"مال ۽ دولت جي رستي جا، يار! مسافر ڪيئي آهن،
دل ۽ روح سندي رستي جا، يار! مسافر ٿورا آهن.",Masroor Pirzada
"هيءَ حُسن جي حقيقت، ڪو خواب ٿي سگهي ٿي،
ناياب ٿي سگهي ٿي، ڪمياب ٿي سگهي ٿي.",Masroor Pirzada
"پيار جي ڪا ڪندي اداڪاري،
پيار ٿي وِيو سچو پچو هاڻي.",Masroor Pirzada
"ڄڻ ته ديوار  چين جيڏي آ،
ياد جيڪا اڏي ويو آهي.",Masroor Pirzada
"ويڄُ منهنجي وُجود جو آڻيو،
هي ڏُکايو، ڏَڏَن آ ڏِيل وڏو.",Masroor Pirzada
"ڀاڪرن ۾ ڀري ته وٺ مون کي،
هيءَ جُدائي به سيءُ پارو آ!",Masroor Pirzada
"دوستيءَ جي نڀاءَ لئه ""وھ، واھ""
شاعريءَ ساڻ دشمني ٿئي ٿي.",Masroor Pirzada
"هاڻي پرين! هلي آ! مَن منهنجي ۾ ڀلي آ!
هاڻي گناهه ڪنهن جي، ڪا گندگي نه آهي.",Masroor Pirzada
"جنّت (جنهن مان تڙجي نڪتين)
ماڻڻ، تنهنجو مقصد آدم!",Masroor Pirzada
"سڀ آ چَيل چَوڻ لئه، باقي بچو به ڇاهي!
سڀ آ لکيل، لکڻ لئه، باقي بچو به ڇاهي!",Masroor Pirzada
"يار کي پيار ٿي ويو هوندو،
پيار پو ڄار ٿي ويو هوندو.",Masroor Pirzada
"رات جو خواب ۾ اچي منهنجي،
ڄڻ ته مون کي سڏي ويو آهي.",Masroor Pirzada
"""جو دم غافل، سو دم ڪافر""
توکي ساريان ٿو مان هردم.",Masroor Pirzada
"ٿو جهان جي مان خيالن ۾ ٻُڏان،
پر مون کي منهنجو اُڪاري چنڊ ٿو.",Masroor Pirzada
"آنءُ لڇندو رهيس، مِينهن وسندو رهيو.
مينهن ۾ لُڙڪ هي، سڀ ويا اڄ لِڪي،",Masroor Pirzada
"عشق ملايو ساهڙ سان،
پنهنجو گهر، ورُ هوندي ڀي.",Masroor Pirzada
"ٽهڪَ آرام سان سُتا هن جا،
پر سندس نِير نِير جاڳي ٿو.",Masroor Pirzada
"محبوبڙي نه مون کي، ڪائي ملي مُڪّمل،
ڪنهن ۾ جمال، ڪنهن ۾، شائستگي نه آهي.",Masroor Pirzada
"اِجهو ٿو ڇُهي پيار پارس جيان هي،
اِجهو سون سارو ٿيڻ وارو آهيان.",Masroor Pirzada
"ٿڪا ٽـُٽا ها سڀئي ڇانو ۾ اچي ويٺا،
اسان جي دل به وڏو يار! ڪو درخت هيو.",Masroor Pirzada
"مان پنهنجو پاڻُ سنواري رکان ٿو ساجن لئه،
اِها سندس آ پو مرضي ڏسي، ڏسي نه ڏسي!",Masroor Pirzada
"اُڃّ لٿي ئي ڪين سندم،
ساٿ سمندر هوندي ڀي.",Masroor Pirzada
"دنيا کي ديوانو گهرجي!
ماڻهو ڪو مستانو گهرجي!",Masroor Pirzada
"رڙي ٿي هر ڪائي راتڙي پئي،
ڏکن ۾ گذري ٿو هر ڏهاڙو.",Masroor Pirzada
"مارِ! مُکڙي ۽ چئه ته ڪاري آ،
مارِ! پوپٽ ۽ چئه ته ڪارو آ!",Masroor Pirzada
"حياتي هونءَ ته آهي بي سَوادي،
ها، لُڙڪن- ذائقو نمڪين آهي.",Masroor Pirzada
"زندگيءَ ۾ نڀاءُ ئي ڪونهي،
نينهن ۾ ئي نڀاءُ ڇو آخر؟",Masroor Pirzada
"ڪيڏي آهي رونق ٿي!
مون تي کنڊر هوندي ڀي.",Masroor Pirzada
"اڃا به اڳ جيئن سنڌ تي پئي،
ڪري ٿي ڪاهون ڪا فوج ڌاري.",Masroor Pirzada
"دُنيا، جهانُ سارو، ساڳيو اُهو ئي آ،
بس پيار ئي او پياري! پنهنجو اُهو نه آ.",Masroor Pirzada
"آ شاعري عبادت، جنهن منجهه ئي مٺا!
مان ٿو ملان خُدا سان، جئن تون نماز ۾.",Masroor Pirzada
"پُٽ مري ويو شهر ۾ پر بيخبر،
ماءُ کي هن جي ورڻ جي آس آ.",Masroor Pirzada
"پيار جو ڄار  آهه آزادي،
تنهنجو تنهن کان ڇڏاءُ ڇو آخر؟",Masroor Pirzada
"عُمر جي اڄ ڀي نديءَ تي سانوري!
تنهنجو گُل جئن پيار تَرندو پيو وڃي .",Masroor Pirzada
"ڏاڍي جي ڏاڍ تي هيءَ، ڏَڪ ڏَڪ دنيا ڏَڪي آ،
پر پريت پنهنجي پياري، هر ڏاڍ کان پَڪي آ.",Masroor Pirzada
"زندگي راند اجائي آ، اجائي جنهن ۾،
هار ۾ آهه ڀلا ڇا! ۽ کٽڻ ۾ ڇاهي!",Masroor Pirzada
"وقت مون کي ڇڏي ويو پُٺتي،
ٿورڙي مون پٽي جو ساهي آ.",Masroor Pirzada
"اڄ ڪري موت جي حوالي ٿي،
زندگي مهربان ٿي ويئي،",Masroor Pirzada
"مُند آئي بهار جي آهي،
دل مگر خوشگوار ڪير ڪري!",Masroor Pirzada
"هِن بُکّ ۾ بِرهه جي ڀلا کائجي دغا!
هن اُڃّ منجهه لُڙڪ هي کارو بُرو نه آ.",Masroor Pirzada
"لفظ ٿورا، پرين! گهڻا ڳوڙها،
هيءَ ملاقات آخري ٿئي ٿي،",Masroor Pirzada
"مرڻ کان پوءِ وڃي ٿوهي آدمي ڪا ڏي؟
مرڻ کان پوءِ ئي هيءَ ماجرا به ِڏسڻي آ.",Masroor Pirzada
"آنءُ سالن کان پوءِ پهتس جو،
مُسڪرايو هي گهر جو ڄارو آ.",Masroor Pirzada
"ڪٿي ۽ ڪيئن خُدا آ؟ خبر نه آ مون کي،
وُجود ۾ يا جُدا آ؟ خبر نه آ مون کي.",Masroor Pirzada
"دل تو لئه ۽ جسم به تو لئه،
تو لئه منهنجو تن من آهي.",Masroor Pirzada
"نِينهن جي مِينهن جو مزو ماڻيئه،
بس گهڻو ٿيو، اچو! بَچو هاڻي!",Masroor Pirzada
"مان زمانن جي قيد ۾ ناهيان،
لامڪاني مڪان ٿي ويئي.",Masroor Pirzada
"آهه سهولت هر ڪا مُيّسر پوءِ به منهنجي،
سُک سان گذري ٿي هر ساعت، ايئن به ناهي.",Masroor Pirzada
"ٿورڙو ڪُفر دين ۾ آهي؟
تو لئه سجدو جبين ۾ آهي.",Masroor Pirzada
"دل سندي مان رستي تي، ٿو هلان هميشه ئي،
تنهن ڪري ئي دنيا کي پيو خفا ڪندس آئون.",Masroor Pirzada
"زندگي هيءَ گذارڻ به ڏُکّي آ  ڏاڍي،
موت آهي هتي آسان، ڏِسون ڇا ٿو ٿئي!",Masroor Pirzada
"ڪنهن حويليءَ جي نويلِي نارِ کي،
پيار مان ڄڻ هو پُڪاري چنڊ ٿو.",Masroor Pirzada
"مڃان ٿو شاعريءَ جي لئه، گهڻيون ئي ڳالهڙيون آهن،
مگر هيءَ شاعري مون لاءِ آهي ڳالهڙي تنهنجي.",Masroor Pirzada
"سموري دولت ۽ ڌن کڻي ويو،
هڻي ويو موت آهه ڌاڙو.",Masroor Pirzada
"ڌاريو پنهنجو پاڻ لڳي،
پنهنجو ئي ترُ هوندي ڀي.",Masroor Pirzada
"آهه ماحول هي مُعطّر ٿيو،
کِلّ هن جي به ڄڻ کٿوري آ.",Masroor Pirzada
"عطرجي تون نه ڪر، بس رڳو ڳوٺ ۾،
مِينهن کان پوءِ مهڪار جي ڳالهه ڪر!",Masroor Pirzada
"ها، حياتي لکان مِلڻ کي مان،
۽ جُدائي کي اجل لکجي.",Masroor Pirzada
"پيغام، فلسفي ۽ تبليغ کان گهڻي،
آ سُونهن شاعريءَ جي سوز و گداز ۾.",Masroor Pirzada
"هر پيار ڀَلو هوندو آهي، پو پيار ڀلي ڪهڙو به هجي!
ها يار خدا جو جلوو آ، پو يار ڀلي ڪهڙو به هجي!",Masroor Pirzada
"خامشي، گُفتگو اسان جي آ،
بي زباني زبان ٿي ويئي.",Masroor Pirzada
"آخر ٻاهر ڇو رُليس؟
اهڙو اندر هوندي ڀي!",Masroor Pirzada
"لهُو لهُو رڳو لاشا گُلن جا پيا آهن،
ٻُڌاءِ يار! انهي کي بهار چئبو آ.",Masroor Pirzada
"لُڇي ۽ تڙپي ٿي سنڌ ساري،
اڃا به ڪاري سا رات جاري.",Masroor Pirzada
"هن خزان کي بهار ڪير ڪري!
هاڻ توساڻ پيار ڪير ڪري!",Masroor Pirzada
"نازڪي هن جي هٿن جي هيءَ ڏسي،
اڄ گُلن کي ٿي ڇڄڻ جي آس آ۔",Masroor Pirzada
"منهنجي ناپائدار جيون کي،
پيار سان پائدار ڪير ڪري!",Masroor Pirzada
"رڳو تنهنجي هُجڻ سان ٿي، مِلي هر چيز کي معنيٰ،
وڻائي ٿي سڄي دنيا، مون کي موجودگي تنهنجي.",Masroor Pirzada
"عشق خود صلو آهي، شعر خود صلو آهي،
عشق، شاعري ويٺو، او مٺا! ڪندس آئون!",Masroor Pirzada
"زندگي بي حساب چاهي هئي،
حل نه ٿيندڙ حساب ۾ گذري.",Masroor Pirzada
"خدا سمجھڻ جي ڪارڻ يا ته ڪو مذهب نه ڪافي آ،
يا سمجھن لئه وري بس مور جي ڪو رقص ڪافي آ.",Masroor Pirzada
"ڏِس ته هيڏي حَسين دنيا کي،
ڪو نه آهي جٽاءُ، ڇو آخر؟",Masroor Pirzada
"حسين ايڏي ته هوءَ ناهي، مگر لڳي پيار ۾ ٿي سُهڻي،
نه چنڊ چوندس نه ڦُول هن کي، اهو اجايو وڌاءُ آهي .",Masroor Pirzada
"شعر لکڻ آ شوق جنين جو، اهڙا شاعر ڪيئي آهن،
شعر عبادت آهه جنين جو، اهڙا شاعر ٿورا آهن.",Masroor Pirzada
"آ ڪِري پاندَ ۾ اچي پاڻهي،
ڇوڪري ڦلُّ ڪو پَڪل لکجي.",Masroor Pirzada
"دل جو دشمن آهي هُو،
دل جو دلبر هوندي ڀي.",Masroor Pirzada
"جنهن منهنجي زندگيءَ کي تبديل هو ڪيو،
سو ڏينهنُ، ماههُ، سالُ، اڃا ياد ٿو اچي.",Masroor Pirzada
"موت جي جاڳ ٿي ته سمجهوسين،
زندگي هيءَ خواب ۾ گذري.",Masroor Pirzada
"سفر ٿوري جي ڪارڻ ڀي، ڪبو ڪو انتظام آهي،
مٿان ٿي موت تڏهين ڀي، سندءِ بي انتظامي آ.",Masroor Pirzada
"جنون ۾ پاڻ کي او جاني! صفا گهڻو ڀي نه ڊاهجان تون،
گهڻو ڊهي وئين اگر ته پو تون ٺهي نه سگهندين، چيو هيو مون.",Masroor Pirzada
"بچو نه آهه اسان وٽ اوهان جو ڪجهه هاڻي،
اوهان جي هاڻ جُدائيءَ جو غم به ڪونهي ڪو.",Masroor Pirzada
"ٻيا ٻارَ ڀلي سُهڻا به هجن، هوشيار هجن، ڪيڏا به ٺهن!
پر پنهنجو ٻار ته ٻي شي آ، پو ٻار ڀلي ڪهڙو به هجي!",Masroor Pirzada
"عشق ۾ تون گهُرين عياشي ٿو،
هي نفعو ڪين آ، خسارو آ.",Masroor Pirzada
"سندم پيار دنيا سان آهي وڌي ويو،
لڳي ٿو ته دنيا ڇڏڻ وارو آهيان.",Masroor Pirzada
"آهه من ۾ جو سُتو شاعر پيو،
پيار سان اُن کي اُٿاري چنڊ ٿو.",Masroor Pirzada
"مون ته عبادت ڪئي دل ۾،
مسجد، مندر هوندي ڀي.",Masroor Pirzada
"بس عشق ساڻ حاصل، پائندگي ٿئي ٿي،
باقي ته ڪنهن به شيءِ ۾، پائندگي نه آهي.",Masroor Pirzada
"نظر جو نه ايندو آ سو ڀي ڏسان ٿو،
جڏهن کان اندر جي کُلي اَکِ آهي.",Masroor Pirzada
"ملي ٿو چين منهنجي روح کي سوچن جي ٻانُهِن ۾،
سبب سوچي حياتيءَ جو، ٻُڌائي ٿي اڪيلائي.",Masroor Pirzada
"دوزخ جهڙي ڌرتي هاڻي،
جنَّت جيئن جوانو! گهرجي!",Masroor Pirzada
"سولائيءَ ۾ آهه ڏُکيائي،
جيون سولو هوندي جوکم.",Masroor Pirzada
"سُتل آهين سُرَ سائين! اسان جي دل ۾ اڄ تائين،
انهن جي بس وڄڻ جي لئه، اوهان جو لمس ڪافي آ.",Masroor Pirzada
"ذات پنهنجي سڄي مون ڊاهي آ،
تنهنجي تصوير پوءِ ٺاهي آ.",Masroor Pirzada
"ڇا رُوپ هُيس، ڇا رنگ هيس، ڇا واسُ هيس، ڇا انگ هُيس!
هُو شخص به ڪو گلزار هو ۽ گلزار به ڪو اهڙو تهڙو!",Masroor Pirzada
"جَنّت جي لوڀ ڇڏ تون، دوزخ جو خوفُ ڇڏ تون!
هي لوڀ، خوف آهي، هيءَ بندگي نه آهي.",Masroor Pirzada
"ڪين انصاف عشق سان ٿيو آ،
عقل جي ڀاءُ! بادشاهي آ.",Masroor Pirzada
"توکان حال ڀلو آهي،
منهنجو ابتر هوندي ڀي.",Masroor Pirzada
"اَٿس جي ڪين ماڻهن سان مُحَبت،
ته ديني آدمي لادين آهي.",Masroor Pirzada
"اک اُتڙي وڃي اڙي آهي،
جت چَوڻ ۽ نه ڪو ئي چارو آ.",Masroor Pirzada
"مان ٿو وڃان حيات ڇڏي اڄ ممات ۾،
هڪ ڪائنات کي ڇڏي ٻي ڪائنات ۾.",Masroor Pirzada
"کوڙ ماڻهو حَسين آھن پر،
هر ڪنهين سان نه عاشقي ٿئي ٿي.",Masroor Pirzada
"لِڪَّ ۾ حُسن پُرڪشش آهي،
نار! ايڏو نُماءُ ڇو آخر؟",Masroor Pirzada
"هي جسم ڀي کڻي وڃ! اي دل جا چور! هاڻي،
هن جسم جي هُجڻ لئه، باقي بچو به ڇاهي!",Masroor Pirzada
"سچ پُڇين جي ته پيار ۾ پيارا!
پنهنجي تڪليف ئي مون چاهي آ.",Masroor Pirzada
"ظُلم ڪيڏو ڪري ويو آهي،
مون کي جيئرو ڇڏي ويو آهي!",Masroor Pirzada
"جي عشق هلي اڳيان اڳيان، ڪنهن هاديءَ جان، ڪنهن رهبر جان،
پو هر ڪو سفر آسان ٿئي، دشوار ڀلي ڪهڙو به هجي!",Masroor Pirzada
"اڃا به آ عشق ڏوهه هتڙي،
اڃا مُحبّت ٿئي ٿي ڪاري.",Masroor Pirzada
"خدا جون خُوبيون پيو ٻُڌائي، اسان کي جانان! جمالُ تنهنجو،
ٿي واسُ ڏئين تون ۽ ولِ وانگي، ويڙهي ويو آ وصالُ تنهنجو.",Masroor Pirzada
"ڳالهه جنهن جي سُڳنڌون پکيڙي ڇڏي،
گُلَ جهڙي انهي، نار جي ڳالهه ڪر!",Masroor Pirzada
"عاشق ٻُڏي ئي ويندا، گهر گهاٽ ڀي گهڻا ئي،
هيءَ سُونهن تنهنجي سهڻي، سيلاب ٿي سگهي ٿي.",Masroor Pirzada
"دل جو مڃان ٿو منهنجي، ڌڙڪو اُهو نه آ،
پر تنهنجو ڀي ته جانان! جلوو اُهو نه آ،",Masroor Pirzada
"هُو اچي يا نه اچي، توکي سڏڻ ۾ ڇاهي!
آزمائي اها قسمت  به ڏِسڻ ۾ ڇا هي!",Masroor Pirzada
"صحيح سڃاتو سين ساجن، پِي عشق جو پيالو،
اصل ۾ هوش کي هتڙي خمار چئبو آ.",Masroor Pirzada
"اُصول عشق جا ٺاهيا به مون نوان آهن،
سو عشق آنءُ ڪيان ٿو، نئين نموني سان.",Masroor Pirzada
"هِتي نه عشق نه ئي عقل، علم آهي ڪو،
انهي ئي حال کي ڏاها! ڏڪار چئبو آ.",Masroor Pirzada
"جا تَڏي تي آهه ويٺل پُٽَ جي،
ماءُ اُن کي ڄڻ ته ماري چنڊ ٿو.",Masroor Pirzada
"پَتو پوندءِ، ڪري ڏِس پيار ڪنهن سان،
ته جيون ڪيترو رنگين آهي!",Masroor Pirzada
"نِينهن جو نانگ ناهه منهنجي وس،
سو سپيري جي بِين ۾ آهي!",Masroor Pirzada
"لوءِ هن مان لَڏي ويو آهي،
هو سفر تي وڏي ويو آهي.",Masroor Pirzada
"مُون بن اڌُوري تون هُئينءَ، تو بن اڌورو مان هيس،
هن پيار ۾ پوري پِيا! نه ئي تون هُئينءَ، نه ئي مان هُيس.",Masroor Pirzada
"منزل جو ڏوھه ان ۾، ڪهڙو  ڀلا پرين!
ڀٽڪيل اسين، اسان جو رستو اُهو نه آ.",Masroor Pirzada
"جيڏو تو ۾ جُهڪاءُ آ، تيڏو،
تنهنجو اُوچو مقام ٿي ويندو.",Masroor Pirzada
"ڏس اُداسي اچي آ اندر ۾ لٿي،
اڄ ته سُپرينءَ جي رُخسار جي ڳالهه ڪر!",Masroor Pirzada
"سُکّ سان ڪئن ڀلا سُمهي سگهندو؟
مارئي! هي ملير جاڳي ٿو.",Masroor Pirzada
"شاعري مون لاءِ هاري چنڊ ٿو،
ڪيتريون گڻتيون ٻُهاري چنڊ ٿو.",Masroor Pirzada
"تون عشق ساڻ اُجريون اکڙيون ڪري ته ڏس!
ميري نگاهه سان ٿو ميرو نظر اچي.",Masroor Pirzada
"رُوح لکجي گُلاب جو ٻُوٽو،
شاعري، مينهن ڪو وُٺل لکجي.",Masroor Pirzada
"باهه ٿي ڪا پئو بغاوت جي،
نوجوانو! مَچو مَچو هاڻي!",Masroor Pirzada
"ڪا ڳالهه ڀي نه هوندي، پوڀي تون ياد ايندين،
جڏهين به جيءُ جهُرندو، ڏاڍو تون ياد ايندين.",Masroor Pirzada
"پنهنجي وجود جو ڀي، مون کي پتو نه آهي،
هن عشق جيئن جاني! ڪوئي نشو نه آهي!",Masroor Pirzada
"رُوح هن جو سُتو پيو آهي،
شهر جو بس سرير جاڳي ٿو.",Masroor Pirzada
"جڏهين به مينهن وَسندو، ڏاڍو تون ياد ايندين،
جڏهين به چنڊ چَڙهندو، ڏاڍو تون ياد ايندين.",Masroor Pirzada
"تعبيرن جو ڏَسُّ ڏيي جو،
اهڙو خواب سهانو گهرجي!",Masroor Pirzada
"بس اِهو عشق ئي آهي جو ڪري ٿو جادو،
باقي هڏ ماس جي سُهڻي ۽ سڄڻ ۾ ڇاهي!",Masroor Pirzada
"جڏهين اکين ۾ هن جي، گَهرو گهڻو گهڙيس،
تڏهين جَهانُ ٿو هي گَهرو نظر اچي.",Masroor Pirzada
"توسان  ملڻو آھه ضروري،
مون کي ڪين بهانو گهرجي.",Masroor Pirzada
"دل تي جو ڌَڪُ دلبر، منهنجي هنيو هُيو سو،
اڄ تائين آهه تازو، اڄ تائين دل ڌَڪي آ.",Masroor Pirzada
"خوشيءَ ۾ درد آ ڪوئي، فقيريءَ ۾ اميري آ،
عياشيءَ ۾ اُداسائي، اسان کي عشق سمجھائي۔",Masroor Pirzada
"مون کي ملڻو آ ""مون"" سان ئي،
مون کي ڪو ويرانو گهرجي!",Masroor Pirzada
"عشق ڪڏهين نه جنهن ڪيو هوندو،
سو گُنهگار ٿي ويو هوندو.",Masroor Pirzada
"سندءِ تنقيد ٿي ماري، نه مون کي پر رڳو توکي،
اها تنقيد ڄڻ اهڙو ڪو حملو آپگهاتي آ.",Masroor Pirzada
"آنءُ سهڻيءَ جيان ٻُڏي ويندس،
هيءَ درياھ جيئن دُوري آ.",Masroor Pirzada
"ٿورو جي اڳ ۾ پاڻَ مُئاسين ته پوءِ ڇا!
ڇوعشق جو شراب گهٽائي ڇڏڻ کپي؟",Masroor Pirzada
"هي چاههُ، چنڊ جيان چوڏهينءَ جي ٿي ويو آ،
هلي آ! چاندني پو هيءَ بچي، بچي نه بچي!",Masroor Pirzada
"جنهن جي تياري صفا نه آهي، سو
زندگي امتحان ٿي ويئي.",Masroor Pirzada
"توبن ٿو وَڍي روُح اُتر واءُ، هلي آءُ!
سنسار سڄي ۾ نه سڄڻ! ساءُ، هلي آءُ!",Masroor Pirzada
"مُسافر جيئن ماڻهو آ، سفر وانگي حياتي آ،
سڀن جي آخري سائين! اِها منزل مِماتي آ.",Masroor Pirzada
"ڀل ڪيڏو مرض عجيب هجي، پر جڏهين عشق طبيب هجي!
سو پل ۾ چاڪ چڱو ٿيندو، بيمار ڀلي ڪهڙو به هجي!",Masroor Pirzada
"هي موت آ شڪاري، جنهن آ حيات ماري،
هن جي شڪار کان ڪو، ماڻهو بچو نه آهي.",Masroor Pirzada
"ڇڏ شڪاري! ڏِس پکيءَ کي ڪيتري،
آسمان تي اڄ اُڏڻ جي آس آ!",Masroor Pirzada
"قهار رسمون ڳِهي وڃن ٿيون، محبتون ڪئين هتي اسان وٽ،
تڏهن به يارو! پيو ڪڏهن ڀي، محبتن جو ڏڪار ناهي.",Masroor Pirzada
"مصروف ٿي ويو هان، ڪم ڪار ۾ گهڻو مان،
فرصت جو عيش ۽ سا آوارگي نه آهي.",Masroor Pirzada
"""آ عمر اجائي عشق بنان، ها سونهن بنان ۽ سچّ بنان""
هيءَ وائي هر ڪنهن وات هجي، ۽ تون به هُجين، ٻيو ڇا گهرجي!",Masroor Pirzada
"ناداني، دانائو! گهرجي،
دانائي، نادانو! گهرجي.",Masroor Pirzada
"ٻُڌايو آهه ڇڻيل هِن گُلاب اڄ مون کي،
اُجاڙ باغ سندي ٽار ٽار جو قِصّو!",Masroor Pirzada
"اسان کي روح جي آزادگيءَ جي لاءِ او جاني!
نه ڪوئي قافلو گهرجي، فقط هڪ شخص ڪافي آ.",Masroor Pirzada
"ها پيار منجهه تنهنجي، رُسوائيون مليون ڪي،
پر پو به پيار تي ڪا، شرمندگي نه آهي.",Masroor Pirzada
"آسان آهه جيڪو، مشڪل پيو لڳي،
اوکو ٿو پنڌ مون کي سوکو نظر اچي.",Masroor Pirzada
"جَهانُ هيءُ سمورو فريب آ بابا!
مگر ڇا پيار به پُورو فريب آ بابا؟",Masroor Pirzada
"اوهان جون هي ڳالهيون، سمندر جئن سُهڻيون،
انهن جي ڪُنن ۾ ٻُڏڻ وارو آهيان.",Masroor Pirzada
"روح جي غار ۾ به ڪنهن ڪنهن جي،
شاعري تيز روشني ٿئي ٿي.",Masroor Pirzada
"هي درياهه دل جو چوي ٿو پيو:
مُحبت سندو ڪو سمندر کپي!",Masroor Pirzada
"وڏو ڏُکُ ڏاڍو ڏسڻ وارو آهيان،
جُدائي مان تنهنجي سهڻ وارو آهيان.",Masroor Pirzada
"سفر اوکو به سوکو آ، اڃا وک تيز تر آهي،
اوهان جي سارَ او سائين! اسان جي همسفر آهي.",Masroor Pirzada
"چريو، ديوانو ۽ مست، مجنون، چيو سڀن عشق ۾ اسان کي،
مگر اسان کي لقب لڳا سي، اسان جي دل شرمسار  ناهي.",Masroor Pirzada
"اڄ عشق جو اکين ۾ سپنو اُهو نه آ،
اڳ جئن جنون ۽ سو جذبو اهو نه آ.",Masroor Pirzada
"افسوس آهه مون کي، تو بن به خوش رهان ٿو،
افسردگي اِها آ، افسردگي نه آهي.",Masroor Pirzada
"اوهان به يار! حقيقت کڻي مڃو هاڻي،
سفر ڏُکيو نه هيو، حوصلو ئي پست هيو.",Masroor Pirzada
"هُن سندو ساههُ ڪين آ نڪتو،
اصل ۾ هو آ ساهه مان نڪتو.",Masroor Pirzada
"شهر ۾ هڪ فقير جاڳي ٿو،
جنهن جو هردم ضمير جاڳي ٿو.",Masroor Pirzada
"اڃا به نيڻ اٿس ڳالهه ڳالهه تي آلا،
حساس ڪالهه هيو جو حساس اڄ ڀي آ.",Masroor Pirzada
"هر مُند تنهنجي مٺڙا! آڻي ٿي سڪَ سهڻا!
جيسين هي ساهه هلندو، ڏاڍو تون ياد ايندين.",Masroor Pirzada
"ڏُکّ جو سُکّ جو حياتيءَ ۾،
هاڻ ويٺو شمار ڪير ڪري!",Masroor Pirzada
"هيءَ بازار جيئن دنيا آ،
ڪين ڪجهه آ هتي سچوهاڻي!",Masroor Pirzada
"جو وَڌي پيو تنهن جي، راهه ٿي وڃي روڪي،
سڀ ڄُنڊا پَٽن ٿا پيا، پَٽ پٽان لڳي پئي آ.",Masroor Pirzada
"زندگي هيءَ ""يقين"" آ ڪڏهين،
۽ ڪڏهن هيءَ ""گمان"" ٿي ويئي.",Masroor Pirzada
"هن جي وجود ۾ ئي آهي خدا لِڪل،
سنگيت جئن لِڪل آ خاموش ساز ۾.",Masroor Pirzada
"ڪين ڪجهه هُن ڪُڇيو هيو ليڪن،
نِينهن هُن جي نِگاهه مان نڪتو .",Masroor Pirzada
"مون کي مٺا! مُيّسر، ھر آ ھتي سهولت،
ها پر سُڪون واري، سا زندگي نه آهي.",Masroor Pirzada
"تو سان منهنجي ناهي چاهت، ايئن به ناهي،
آنهه رڳو تون ئي بس راحت، ايئن به ناهي.",Masroor Pirzada
"هي وقت آ جو جُدا ٿيون مگر تون مان،
لباس هئا سين هڪٻئي جو، سو به وقت هيو.",Masroor Pirzada
"هي زمانو ڪِنو ڌپارو آ،
پيار پر ڄڻ گُلن جو ٻارو آ.",Masroor Pirzada
"آنءُ ٻُڌندو رهيس، مِينهن وسندو رهيو.
شعر ائن ٿا اچن، ڄڻ ڦڙيون ٿيون پون،",Masroor Pirzada
"مِمات بعد حيات آ؟ خبر نه آ مون کي،
فنا کان پوءِ بقا آ؟ خبر نه آ مون کي.",Masroor Pirzada
"انسان به ڪکڙن، ڪانن ۽ ڪاٺين جو ٺاهيل جهُوپو آ،
۽ صدمن جي طوفانن ۾، هي جهُوپو جهُرندو رهندو آ.",Masroor Pirzada
"ڪتابن ۾ به لاعلمي، خبر ۾ آھه بي خبري،
۽ نادانيءَ ۾  دانائي، اسان کي عشق سمجھائي۔",Masroor Pirzada
"مِلڻ جو سُکُّ ڀي سانڍيو، ڇِڄڻ جو ڏُکُّ ڀي سانڍيو،
اوهان پاران مِليو جيڪو، سو سانڍيو عُمر ڀر آهي.",Masroor Pirzada
"تو بن اُداس گذري، هيءَ زندگي يَڪي آ،
غم هي سَهي سَهي دل، اڄ پئي ٿَڪي ٿَڪي آ.",Masroor Pirzada
"هي جيڪو منهنجو فن آهي،
دلبر! تنهنجو درپن آهي.",Masroor Pirzada
"پرينءَ کي پاڻ پَسان ٿو، نئين نموني سان،
نوان ڪي خواب ڏسان ٿو، نئين نموني سان.",Masroor Pirzada
"هن موت جيئن چورُ ڏِٺو سين نه ساٿيو!
سڀ ڪجهه کڻي هليو ويو هڪ واردات ۾.",Masroor Pirzada
"جلوس پوءِ جوابن جا شروع ٿيا جاني!
مگر انهن کان گهڻو ئي سوال هو اڳ ۾.",Masroor Pirzada
"منهنجي من ۾ ئي منهنجو مُرشد آ،
پنهنجي من جو مُريد آهيان مان.",Masroor Pirzada
"هر وڏو آهي ڪوي تنها هتي،
جيئن تنها هُو گذاري چنڊ ٿو.",Masroor Pirzada
"ظلم جي، ويڙهه جي، اڄ ڇڏي ڳالهڙي،
چاندنيءَ ۾ ڪوي! پيار جي ڳالهه ڪر!",Masroor Pirzada
"يار کي ياد ڪر! يار جي ڳالهه ڪر!
ڪا اجائي نه ڪر، پيار جي ڳالهه ڪر!",Masroor Pirzada
"ظلم ايڏو وڌي ويو آهي،
زخم ڪوئي نه ٿو ڳڻي هاڻي.",Masroor Pirzada
"هاڻ تون ڪين رهي آنهه ته مان سوچان ٿو،
فرق ڪو منهنجي هِجڻ ۽ نه هِجڻ ۾ ڇاهي!",Masroor Pirzada
"اوهان جي ئي غلاميءَ ۾، ويو آزاد ٿي آهيان،
نه آزادي آ ڪا اهڙي به جهڙي هيءَ غلامي آ!",Masroor Pirzada
"پيار جو گُل پيو ڇڻي هاڻي،
سانوري! ڪجهه نه ٿو وڻي هاڻي.",Masroor Pirzada
"تو بن حيات جو هي سفر ٿي نه ٿو سگهي،
گوندر ۾ صرف هاڻ گذر ٿي نه ٿو سگهي.",Masroor Pirzada
"کِڙي پَون گُل هِئين ۾ منهجي، ڪٿي به اهڙو بهار ناهي،
جهان ۾ هونءَ ته آهي سڀڪجهه، الئه ڇو من کي قرار ناهي.",Masroor Pirzada
"توبن منهنجي جيءَ جا جاني!
هيءُ جهان به آهه جهنم.",Masroor Pirzada
"هتي ته ڪجهه به نه هو، بس خيال هو اڳ ۾،
۽ ڪجهه به ڪين هُجڻ جو جمال هو اڳ ۾.",Masroor Pirzada
"اسان نه دين ڌرم جا، اسان نه دنيا جا،
خدا ته ڪين مليو ۽ صنم به ڪونهي ڪو.",Masroor Pirzada
"ايترو نااُميد ڇو آهين؟
ربُّ آهي مِٺا! جليل وڏو.",Masroor Pirzada
"اوهان جون ڪيتريون ڳالهيون، ٻُڌائي ٿي اڪيلائي،
سَوين ساروڻيون سُهڻيون، سمائي ٿي اڪيلائي.",Masroor Pirzada
"جهانَ جي ته ڪهاڻي گهڻي پُراڻي آ،
مگر اِها به لِکان ٿو، نئين نموني سان.",Masroor Pirzada
"چنڊ پنهنجو شهيد ٿيو آهي،
سوڳ ۾ هر ڪو ئي ستارو آ.",Masroor Pirzada
"جنهن جو مثال ڪا به حَسين چيز ڪين آ،
ماڻهو سو بي مثال، اڃا ياد ٿو اچي.",Masroor Pirzada
"تون به ناهين نه شاعري ٿئي ٿي،
ايئن بيڪار زندگي ٿئي ٿي.",Masroor Pirzada
"برهه جي باهه ۾ ڀڙڪيس، ڀلو ڪو بخت هيو،
ملي سڪون ويو آ، سفر جو سخت هيو.",Masroor Pirzada
"نه آهين تون مگر آهي، اسان سان درد هي تنهنجو،
لڳي ٿو درد هي تنهنجو، اسان جي گهر جو ڀاتي آ.",Masroor Pirzada
"عشق نظر آيو اُجرو،
مٽّي ۽ مر هوندي ڀي.",Masroor Pirzada
"سُڪي ويو آهه سنڌ- دريا،
جتي هو پاڻي، اُتي آ واري.",Masroor Pirzada
"بيوفائيءَ جي رات ۾ روئندي،
عشق جو ڪو اسير جاڳي ٿو.",Masroor Pirzada
"ڪين ڪٿ تنهن پناهه ڪا ماڻي،
پيار جي جو پناهه مان نڪتو.",Masroor Pirzada
"گُلڙن جهڙيون تنهنجون يادون،
ذهن سندم هي گلشن آهي.",Masroor Pirzada
"جيون سڄو گذارجي تو کان سواءِ ڪئن؟
توکان سوا ته ڏينهن بسر ٿي نه ٿو سگهي.",Masroor Pirzada
"جتي خوشي ۽ هئي کلّ ڪائي،
اُتي رڳو آهه روڄ راڙو.",Masroor Pirzada
"منزلون ويجهڙيون هيون، آهن،
پر مُسافر ٿَڪل ٿَڪل لکجي!",Masroor Pirzada
"پيالا چَپن- چُمين جا، مون لاءِ اج به آهِن،
پر هاڻ تن لئه مون ۾، ڪا تشنگي نه آهي.",Masroor Pirzada
"“مون پُڄاڻان ڇا ڪيو آهي اوهان؟”
قبر اڄ هن جي پُڇي ٿي ماٺ ۾.",Masroor Pirzada
"مرض وانگر درد جنهن کي ٿو لڳي،
سو منش اندر ۾ ڳرندو ٿو وڃي.",Masroor Pirzada
"وٺي ڄڻ مون منجھان مون کي، وڃي ٿي دُور ئي نِيندي،
الائي ڪٿ مون کي منهنجي، پُڄائي ٿي اڪيلائي.",Masroor Pirzada
"ها، ڪو ڪو ماڻهو ساٿ رهي ڀي دُور پيو لڳندو آهي،
۽ دُور رهي ڪو ماڻهو ڀي، هن هانءَ ۾ هُرندو رهندو آ.",Masroor Pirzada
"ڪارنامو ڪو چاهه مان نڪتو،
ڪو وري آ ڪراهه مان نڪتو.",Masroor Pirzada
"اکين جو هي ڪَڪر ڏاڍو وُٺو آ،
اسان جي خوابَ جي تدفين آهي.",Masroor Pirzada
"ڏُکن منجهان مون سُکن کي صحيح سڃاتو آ،
خوشي آ هاڻ مگر ڪو ملال هو اڳ ۾.",Masroor Pirzada
"فڪر ٻاهر سندي اڄ جهان جو ڇڏي،
پنهنجي اندر جي فنڪار جي ڳالهه ڪر!",Masroor Pirzada
"مٽي ته ڪين سگهان ٿو وجود جو چولو،
مگر هي آھ جو ڦاٽل، ڀلا رفو ته ڪجي.",Masroor Pirzada
"اڃا ويهه! ۽ پوءِ ڏسجانءِ مون کي،
سندم رنگ ۾ مان اچڻ وارو آهيان.",Masroor Pirzada
"هڪ شخص جي وڃڻ سان دنيا اُها نه آ،
هُن بن اسان جي گهر جو نقشو اُهو نه آ،",Masroor Pirzada
"ڪُوڙ جي هن جهان ۾ جاني!
سچ تي اعتبار ڪير ڪري!",Masroor Pirzada
"پيار جي ڄار ۾ پکي آزاد،
خود گرفتار ٿي ويو هوندو.",Masroor Pirzada
"جتان نه ڪو به مُسافر ڪڏهن وريو واپس،
اُتان جي هـُو به سفر لئه ڪَهي رهيو آهي.",Masroor Pirzada
"زندگي تو بنان گذارو آ،
هي جياپو به ڄڻ اُڌارو آ.",Masroor Pirzada
"آنءُ پُسندو رهيس، مِينهن وسندو رهيو.
عشق جي آڳ آ، جا وِسامي نه ٿي،",Masroor Pirzada
"تعبير  ٿيو آ خواب، مگر دير ٿي وئي،
آ ختم ٿيو عذاب، مگر دير ٿي وئي.",Masroor Pirzada
"نِنڊ گهري غريب کي پٽ تي،
محل ۾ پر امير جاڳي ٿو.",Masroor Pirzada
"اچ اچ ته راز فاش ڪيون ۽ مزا ڏسون،
جا ڳالهه ٿورڙي آ، وَڌائي ڇڏڻ کپي!",Masroor Pirzada
"سا جڳهه مسجدن جيان هوندي،
جِت پرينءَ جو قيام ٿي ويندو.",Masroor Pirzada
"جڏهن به ڪنهن آ پُڇيو اسان کان، ته “ڇا خد آ ۽ ڪيئن آهي؟”
تڏهن اسان ڀي سدائين مُرڪي، ڏنو انهن کي مثال تنهنجو.",Masroor Pirzada
"مان پرواز ڪيان پنهنجي،
ٽُٽّل پر پر هوندي ڀي.",Masroor Pirzada
"لڳي تيز طوفان ٿو موت جو پيو،
۽ مان ڏار وانگر ٽٽڻ واروآهيان.",Masroor Pirzada
"هي ڄاڻندي ته سڄڻي، ايندي وري نه واپس،
مون روز روز هُن جي، هيءَ راهه پئي تَڪي آ.",Masroor Pirzada
"آنءُ ڏسندو رهيس، مِينهن وسندو رهيو.
هن جي جوڀن سندي، حُسن جي مينهن ۾،",Masroor Pirzada
"ڏس ته سنڌوءَ – ڇولڙين کي چاهه مان،
هي چُمي دريا ڪناري چنڊ ٿو.",Masroor Pirzada
"تنهنجي لامحدوديت سمجهي ڪئن محدود خرد؟
توتي سوچي ذهن رهي ٿو دنگ اڃا ڀي.",Masroor Pirzada
"هن دنيا کي دانائي ۽،
درويشيءَ جو گهرجي سنگم.",Masroor Pirzada
"جَلُ ته شمع جيئن جو مون کي وري،
اڄ پتنگن جئن جلڻ جي آس آ.",Masroor Pirzada
"تون ئي ظاهر ظهور آن چوڏس،
پانهنجو پاڻ راز ڀي تون آن.",Masroor Pirzada
"ڪوئي طوفان رنجشون لکجن،
دوستي ڏارُ ڪو ٽُٽل لکجي!",Masroor Pirzada
"عشق جون نمازون ئي پيو ادا ڪندس آئون،
خوش هُجين، جتي ڀي هُج، هيءَ دعا ڪندس آئون.",Masroor Pirzada
"ڪهڙو سو شعر جنهن ۾، ڪونهي ڪوئي ترّنم!
نغمو سو ڪهڙو جنهن ۾، ڪا نغمگي نه آهي!",Masroor Pirzada
"هر ڪا خوشي لڳي ٿي ڦِڪي جنهن کان پومون کي،
مٺڙو اُهو ملال، اڃا ياد ٿو اچي.",Masroor Pirzada
"تو سان هاڻي ڪين ملان ٿو، ان جو مطلب،
تو سان مون کي آهه شڪايت، ايئن به ناهي.",Masroor Pirzada
"اڃا به لاشا جوان پٽن جا،
کڻي پئي هيءَ سنڌ ساري.",Masroor Pirzada
"هاڻي نه تون به ""تون"" آن، هاڻي نه مان به ""مان"" هان،
معنيٰ ته منهنجا مٺڙا! هاڻي مزو نه آهي.",Masroor Pirzada
"هي مالُ ميڙجي نه، ورهائي ڇڏڻ کپي!
جيڪو ڪمائجي سو کپائي ڇڏڻ کپي!",Masroor Pirzada
"تون پُڇين ٿو ته مزو ڪهڙو مُحبت ۾ آ؟
تون پتنگن کان مزو پُڇ ته جلڻ ۾ ڇاهي!",Masroor Pirzada
"تون غُرور ۽ گهُمنڊ آن منهنجو،
منهنجي نِوڙت، نِياز ڀي تون آن.",Masroor Pirzada
"سارَ هن کي سَجائيندي هوندي،
پيار سينگار ٿي ويو هوندو.",Masroor Pirzada
"هوءَ زمين، آسمان ٿي ويئي،
منهنجو سارو جهان ٿي ويئي،",Masroor Pirzada
"سا جواني جنُون هئي جانان!
هاڻ دل بيقرار ڪير ڪري!",Masroor Pirzada
"جو پاڻُ پاڻَ سان نه کڻي، پار ٿو پُڄي،
سو پاڻ مان به جان ڇڏائي ڇڏڻ کپي!",Masroor Pirzada
"گيتَ دنيا انهي جا ڳائيندي،
جنهن کي دنيا ڪيو ذليل وڏو.",Masroor Pirzada
"لِڪايان گُلن کي ته ڪئن مان لڪايان؟
سڀن جي انهن تي بُري اَکِ آهي.",Masroor Pirzada
"عشق  ۽ انقلاب ۾ گذري،
عمر ساري سراب ۾ گذري.",Masroor Pirzada
"اڃا به گهر آ اسان جو مقتل،
شهادتن سان اسان جي ياري.",Masroor Pirzada
"هاڻ تعمير ڪئن ڪجي ٻيهر؟
ايتري ٿي وئي تباهي آ!",Masroor Pirzada
"هر هنڌ هر جڳهه تي، هُو ٿو نظر اچي،
هر شيءِ ۾ مون کي هن جو جلوو نظر اچي.",Masroor Pirzada
"اسان جي اوگهڙ، اسان جو اوڇڻ،
آ چنڊ، سُورج ۽ گُل اُگهاڙو.",Masroor Pirzada
"سمنڊ رڙي ٿو درد وچان ۽،
چئي ٿو ""سروم دُکم دُکم"".",Masroor Pirzada
"ويڄَ لاچار ٿي ويا هوندا،
عشق آزار ٿي ويو هوندو.",Masroor Pirzada
"بادشاهي مزاج جو ماڻهو،
عاشقيءَ ۾ غُلام ٿي ويندو.",Masroor Pirzada
"سُهڻي ٻڏڻ کان پوئي، ميهار سان ملي آ،
مضبوط هيءَ مُحَبّت، ڪچّو گهڙو نه آهي.",Masroor Pirzada
"ڏٺا ڏکّ ڏاڍا، مون خوابن ۾ آهن،
گهڙي کن جو منهنجي لڳي اَکِ آهي.",Masroor Pirzada
"هن عشق جي شهادت جو شانُ مختلف آ،
ڪنهن مات ۾ به مٺڙا! ڪو مانُ مختلف آ.",Masroor Pirzada
"چنڊ جيان آ چاهت تنهنجي،
منهنجي رات به روشن آهي.",Masroor Pirzada
"بس موت جو خيال سڄي آ حيات ۾،
سو ڏينهن ڏينهن ۾ به سوئي رات رات ۾.",Masroor Pirzada
"اسان هِت پاڻ سان ڀي ڏِس، مِلون ٿا ٿورڙو ساٿي!
اسان کي بس اسان سان ڄڻ ملائي ٿي اڪيلائي.",Masroor Pirzada
"اڃا ته هِجر جي مون کي هوا به ڏسڻي آ،
حيات موت جيان تو سوا به ڏِسڻي آ.",Masroor Pirzada
"ادا! حالت وڏي سنگين آهي،
خوشيءَ ۾ دل سندم غمگين آهي.",Masroor Pirzada
"زن بن مان مفلس آهيان،
يار! زمين، زر هوندي ڀي.",Masroor Pirzada
"هائو ماضي بعيد آهيان مان،
تنهن ڪري ئي جديد آهيان مان.",Masroor Pirzada
"اڃا چپن تِي چُميون ڦُٽن ٿيون، اڃا اکين ۾ سي خواب آهن،
اڃا محبت نئين نئين آ، اڃا ته دل کي قرار ناهي.",Masroor Pirzada
"ها آجهي ۽ اَٽي، لَٽي وانگر،
پيار ڀي جان جان! ضروري آ!",Masroor Pirzada
"اسان جي لئه عيد سُوءَ آهي،
غلام قومن جي ڪهڙي ڏياري!",Masroor Pirzada
"ڏِسو ته يارو! افق چوي ٿو، “اَڏيو اچي ڪو اَجھو هتي ڀي”
ٻُڌي اهو شرم ڄڻ اچي ٿو، هتي ته ڪائي اُڏار ناهي.",Masroor Pirzada
"حسين محل جيان شاهڪار ماڻهو هو،
مگرهوهاڻ سمورو ڊَهي رهيو آهي.",Masroor Pirzada
"رُڳو ھڪ منجهه سڀ آھي ۽ سڀ ۾ ڀي رُڳو ھڪ آ،
اھا سڀ منجهه ھيڪائي، اسان کي عشق سمجھائي۔",Masroor Pirzada
"اڄ به تنهنجي ئي اچڻ جي آس آ،
سمنڊ- دريا جئن ملڻ جي آس آ.",Masroor Pirzada
"هيءَ  فجر- ٻانگ ۽ پکين لاتيون،
ڳوٺ چـُپ چاپ، ڇا نظارو آ!",Masroor Pirzada
"آهه ""اثبات"" ڪا نفيءَ ۾ ڀي،
ڪيترو ""هائو"" ڪين ۾ آهي!",Masroor Pirzada
"هيءَ حقيقت سمجهائڻ لئه،
ڪوڙو ڪو افسانو گهرجي!",Masroor Pirzada
"مان ڪا مشڪل شيءَ نه گهُران ٿو،
""انسانيت"" انسانو! گهرجي!",Masroor Pirzada
